{"cameraMode":{"drawMode":0,"name":"Shaded","section":"Shading Mode"},"sceneLighting":true,"audioPlay":false,"sceneViewState":{"showFog":true,"showMaterialUpdate":true,"showSkybox":true,"showFlares":true,"showImageEffects":true,"showParticleSystems":true},"in2DMode":false,"pivot":{"x":-20.289567947387697,"y":8.741782188415528,"z":0.48763465881347659},"rotation":{"x":-0.022050941362977029,"y":0.9677845239639282,"z":-0.23361727595329286,"w":-0.0913582593202591},"size":23.792438507080079,"orthographic":false}